{
  "lang":"en",
  "name":"pipeline",
  "version":"0.0.0",
  "spacy_version":">=3.7.5,<3.8.0",
  "description":"",
  "author":"",
  "email":"",
  "url":"",
  "license":"",
  "spacy_git_version":"a6d0fc360",
  "vectors":{
    "width":0,
    "vectors":0,
    "keys":0,
    "name":null,
    "mode":"default"
  },
  "labels":{
    "tok2vec":[

    ],
    "ner":[
      "AGE",
      "BP",
      "DISEASE",
      "DOSAGE",
      "FOLLOWUP",
      "GENDER",
      "HISTORY",
      "MEDICINE",
      "SYMPTOMS",
      "WEIGHT"
    ]
  },
  "pipeline":[
    "tok2vec",
    "ner"
  ],
  "components":[
    "tok2vec",
    "ner"
  ],
  "disabled":[

  ],
  "performance":{
    "ents_f":0.9594405594,
    "ents_p":0.9510166359,
    "ents_r":0.9680150517,
    "ents_per_type":{
      "AGE":{
        "p":0.9725490196,
        "r":0.9725490196,
        "f":0.9725490196
      },
      "GENDER":{
        "p":0.9959349593,
        "r":0.98,
        "f":0.9879032258
      },
      "SYMPTOMS":{
        "p":0.9481361426,
        "r":0.9798994975,
        "f":0.9637561779
      },
      "MEDICINE":{
        "p":0.956,
        "r":1.0,
        "f":0.9775051125
      },
      "DOSAGE":{
        "p":0.962962963,
        "r":0.977443609,
        "f":0.9701492537
      },
      "HISTORY":{
        "p":0.9153439153,
        "r":0.8781725888,
        "f":0.896373057
      },
      "FOLLOWUP":{
        "p":0.9868421053,
        "r":0.9868421053,
        "f":0.9868421053
      },
      "DISEASE":{
        "p":0.8695652174,
        "r":0.9322033898,
        "f":0.899795501
      },
      "WEIGHT":{
        "p":1.0,
        "r":1.0,
        "f":1.0
      },
      "BP":{
        "p":1.0,
        "r":1.0,
        "f":1.0
      }
    },
    "tok2vec_loss":278.2364044716,
    "ner_loss":1823.4288254244
  }
}