{
  "lang":"en",
  "name":"pipeline",
  "version":"0.0.0",
  "spacy_version":">=3.7.5,<3.8.0",
  "description":"",
  "author":"",
  "email":"",
  "url":"",
  "license":"",
  "spacy_git_version":"a6d0fc360",
  "vectors":{
    "width":0,
    "vectors":0,
    "keys":0,
    "name":null,
    "mode":"default"
  },
  "labels":{
    "tok2vec":[

    ],
    "ner":[
      "AGE",
      "BP",
      "DISEASE",
      "DOSAGE",
      "FOLLOWUP",
      "GENDER",
      "HISTORY",
      "MEDICINE",
      "SYMPTOMS",
      "WEIGHT"
    ]
  },
  "pipeline":[
    "tok2vec",
    "ner"
  ],
  "components":[
    "tok2vec",
    "ner"
  ],
  "disabled":[

  ],
  "performance":{
    "ents_f":0.9603565564,
    "ents_p":0.9578848854,
    "ents_r":0.962841016,
    "ents_per_type":{
      "AGE":{
        "p":0.9725490196,
        "r":0.9725490196,
        "f":0.9725490196
      },
      "GENDER":{
        "p":0.9764705882,
        "r":0.996,
        "f":0.9861386139
      },
      "SYMPTOMS":{
        "p":0.9630872483,
        "r":0.9614740369,
        "f":0.9622799665
      },
      "MEDICINE":{
        "p":0.9789029536,
        "r":0.9707112971,
        "f":0.974789916
      },
      "DOSAGE":{
        "p":0.962962963,
        "r":0.977443609,
        "f":0.9701492537
      },
      "HISTORY":{
        "p":0.9132653061,
        "r":0.9086294416,
        "f":0.9109414758
      },
      "FOLLOWUP":{
        "p":0.9868421053,
        "r":0.9868421053,
        "f":0.9868421053
      },
      "DISEASE":{
        "p":0.8893442623,
        "r":0.9194915254,
        "f":0.9041666667
      },
      "WEIGHT":{
        "p":1.0,
        "r":1.0,
        "f":1.0
      },
      "BP":{
        "p":1.0,
        "r":1.0,
        "f":1.0
      }
    },
    "tok2vec_loss":327.7762102608,
    "ner_loss":1822.3108679508
  }
}